{"cameraMode":{"drawMode":0,"name":"Shaded","section":"Shading Mode"},"sceneLighting":true,"audioPlay":false,"sceneViewState":{"showFog":true,"showMaterialUpdate":false,"showSkybox":true,"showFlares":true,"showImageEffects":true,"showParticleSystems":true},"in2DMode":false,"pivot":{"x":-0.9661853313446045,"y":1.8686556816101075,"z":-1.080552339553833},"rotation":{"x":0.00021024361194577068,"y":0.9990289807319641,"z":-0.043795157223939899,"w":0.0047962660901248459},"size":1.207395076751709,"orthographic":false}